Image Link,Shoe Name,Price
https://us.princesspolly.com/cdn/shop/products/0_decb9a78-5473-426d-baed-dd84a0ce80a1_450x610.jpg?v=1649913830,Shoreside Sandals Natural,$55.00
https://us.princesspolly.com/cdn/shop/products/SUNSET-BOULEVARD-HEELS-WHITE_450x610.jpg?v=1632696741,Sunset Boulevard Heels White,$59.00
https://us.princesspolly.com/cdn/shop/products/Ma-Belle-Sandals-Black_450x610.jpg?v=1694118954,Ma Belle Sandals Black,$64.00
https://us.princesspolly.com/cdn/shop/files/0_72d981d9-3328-4654-b51b-88806a5eb753_450x610.jpg?v=1704425459,Ma Belle Sandals Contrast Stitch Chocolate,$64.00
N/A,Tampa Sandals Black,$59.00
N/A,Everlasting Satin Platform Heels Champagne,$75.00
N/A,Bayshore Sandals White,$65.00
N/A,Keeley Boots Matte Black,$80.00
N/A,Signature Heels Blue Denim,$55.00
N/A,Aja Sandals Black,$75.00
N/A,Wrecked Western Boots Black,$89.00
N/A,Voodoo Sandals Black,$65.00
N/A,Ma Belle Sandals Contrast Stitch,$64.00
N/A,Therapy Sable Platforms,$59.00
N/A,Barbados Sandals Natural,$65.00
N/A,Teala Boots Black,$95.00
N/A,The Mona Heels Black,$45.00
N/A,Compelling Pointed Toe Heels Beige,$55.00
N/A,The Becka Heels White,$45.00
N/A,Billini Urson Boots Chocolate / White,$115.00
N/A,Ma Belle Sandals Chocolate,$64.00
N/A,Riki Mini Belt Sandals Black,$65.00
N/A,Renzo Knee High Boots Black,$75.00
N/A,Billini Ayla Pointed Toe Heels Black,$75.00
N/A,Teala Boots Brown,$95.00
N/A,Remi Sandals Chocolate,$59.00
N/A,Brook Heels White,$80.00
N/A,The Becka Heels Black,$45.00
N/A,Cammie Heels Cream,$65.00
N/A,Billini Urson Boots White,$115.00
N/A,The Becka Heels Beige,$45.00
N/A,Renzo Knee High Boots Brown,$75.00
N/A,Infinity Heels Black,$52.00
N/A,Billini Urson Boots Tan,$115.00
N/A,Jesper Espadrille Wedged Heels White Croc,$59.00
N/A,Hardy Boots Black,$109.00
N/A,Roxxie Sandals Beige Linen,$70.00
N/A,Ma Belle Sandals Cream Suede,$64.00
N/A,Charisma Pointed Toe Heels Black,$55.00
N/A,Brielle Heels Pink,$63.00
N/A,Tampa Sandals Beige,$59.00
N/A,Cammie Heels Black,$65.00
N/A,Riley Boots Black,$80.00
N/A,Zumma Flats Patent Black,$75.00
N/A,Therapy Nawty Sandals Black,$79.95
N/A,Calile Heels Black,$55.00
N/A,Ma Belle Sandals Tan,$64.00
N/A,Fairytale Heels Cream,$69.00
